Books_Name,Books_Price,Books_Rate,Type
A Light in the Attic,51.77,3,Travel
Tipping the Velvet,53.74,1,Travel
Soumission,50.10,1,Travel
Sharp Objects,47.82,4,Travel
Sapiens: A Brief History of Humankind,54.23,5,Travel
The Requiem Red,22.65,1,Travel
The Dirty Little Secrets of Getting Your Dream Job,33.34,4,Travel
"The Coming Woman: A Novel Based on the Life of the Infamous Feminist, Victoria Woodhull",17.93,3,Travel
The Boys in the Boat: Nine Americans and Their Epic Quest for Gold at the 1936 Berlin Olympics,22.60,4,Travel
The Black Maria,52.15,1,Travel
"Starving Hearts (Triangular Trade Trilogy, #1)",13.99,2,Travel
Shakespeare's Sonnets,20.66,4,Travel
Set Me Free,17.46,5,Travel
Scott Pilgrim's Precious Little Life (Scott Pilgrim #1),52.29,5,Travel
Rip it Up and Start Again,35.02,5,Travel
"Our Band Could Be Your Life: Scenes from the American Indie Underground, 1981-1991",57.25,3,Travel
Olio,23.88,1,Travel
Mesaerion: The Best Science Fiction Stories 1800-1849,37.59,1,Travel
Libertarianism for Beginners,51.33,2,Travel
It's Only the Himalayas,45.17,2,Travel
A Light in the Attic,51.77,3,Mystery
Tipping the Velvet,53.74,1,Mystery
Soumission,50.10,1,Mystery
Sharp Objects,47.82,4,Mystery
Sapiens: A Brief History of Humankind,54.23,5,Mystery
The Requiem Red,22.65,1,Mystery
The Dirty Little Secrets of Getting Your Dream Job,33.34,4,Mystery
"The Coming Woman: A Novel Based on the Life of the Infamous Feminist, Victoria Woodhull",17.93,3,Mystery
The Boys in the Boat: Nine Americans and Their Epic Quest for Gold at the 1936 Berlin Olympics,22.60,4,Mystery
The Black Maria,52.15,1,Mystery
"Starving Hearts (Triangular Trade Trilogy, #1)",13.99,2,Mystery
Shakespeare's Sonnets,20.66,4,Mystery
Set Me Free,17.46,5,Mystery
Scott Pilgrim's Precious Little Life (Scott Pilgrim #1),52.29,5,Mystery
Rip it Up and Start Again,35.02,5,Mystery
"Our Band Could Be Your Life: Scenes from the American Indie Underground, 1981-1991",57.25,3,Mystery
Olio,23.88,1,Mystery
Mesaerion: The Best Science Fiction Stories 1800-1849,37.59,1,Mystery
Libertarianism for Beginners,51.33,2,Mystery
It's Only the Himalayas,45.17,2,Mystery
A Light in the Attic,51.77,3,Historical Fiction
Tipping the Velvet,53.74,1,Historical Fiction
Soumission,50.10,1,Historical Fiction
Sharp Objects,47.82,4,Historical Fiction
Sapiens: A Brief History of Humankind,54.23,5,Historical Fiction
The Requiem Red,22.65,1,Historical Fiction
The Dirty Little Secrets of Getting Your Dream Job,33.34,4,Historical Fiction
"The Coming Woman: A Novel Based on the Life of the Infamous Feminist, Victoria Woodhull",17.93,3,Historical Fiction
The Boys in the Boat: Nine Americans and Their Epic Quest for Gold at the 1936 Berlin Olympics,22.60,4,Historical Fiction
The Black Maria,52.15,1,Historical Fiction
"Starving Hearts (Triangular Trade Trilogy, #1)",13.99,2,Historical Fiction
Shakespeare's Sonnets,20.66,4,Historical Fiction
Set Me Free,17.46,5,Historical Fiction
Scott Pilgrim's Precious Little Life (Scott Pilgrim #1),52.29,5,Historical Fiction
Rip it Up and Start Again,35.02,5,Historical Fiction
"Our Band Could Be Your Life: Scenes from the American Indie Underground, 1981-1991",57.25,3,Historical Fiction
Olio,23.88,1,Historical Fiction
Mesaerion: The Best Science Fiction Stories 1800-1849,37.59,1,Historical Fiction
Libertarianism for Beginners,51.33,2,Historical Fiction
It's Only the Himalayas,45.17,2,Historical Fiction
A Light in the Attic,51.77,3,Sequential Art
Tipping the Velvet,53.74,1,Sequential Art
Soumission,50.10,1,Sequential Art
Sharp Objects,47.82,4,Sequential Art
Sapiens: A Brief History of Humankind,54.23,5,Sequential Art
The Requiem Red,22.65,1,Sequential Art
The Dirty Little Secrets of Getting Your Dream Job,33.34,4,Sequential Art
"The Coming Woman: A Novel Based on the Life of the Infamous Feminist, Victoria Woodhull",17.93,3,Sequential Art
The Boys in the Boat: Nine Americans and Their Epic Quest for Gold at the 1936 Berlin Olympics,22.60,4,Sequential Art
The Black Maria,52.15,1,Sequential Art
"Starving Hearts (Triangular Trade Trilogy, #1)",13.99,2,Sequential Art
Shakespeare's Sonnets,20.66,4,Sequential Art
Set Me Free,17.46,5,Sequential Art
Scott Pilgrim's Precious Little Life (Scott Pilgrim #1),52.29,5,Sequential Art
Rip it Up and Start Again,35.02,5,Sequential Art
"Our Band Could Be Your Life: Scenes from the American Indie Underground, 1981-1991",57.25,3,Sequential Art
Olio,23.88,1,Sequential Art
Mesaerion: The Best Science Fiction Stories 1800-1849,37.59,1,Sequential Art
Libertarianism for Beginners,51.33,2,Sequential Art
It's Only the Himalayas,45.17,2,Sequential Art
A Light in the Attic,51.77,3,Classics
Tipping the Velvet,53.74,1,Classics
Soumission,50.10,1,Classics
Sharp Objects,47.82,4,Classics
Sapiens: A Brief History of Humankind,54.23,5,Classics
The Requiem Red,22.65,1,Classics
The Dirty Little Secrets of Getting Your Dream Job,33.34,4,Classics
"The Coming Woman: A Novel Based on the Life of the Infamous Feminist, Victoria Woodhull",17.93,3,Classics
The Boys in the Boat: Nine Americans and Their Epic Quest for Gold at the 1936 Berlin Olympics,22.60,4,Classics
The Black Maria,52.15,1,Classics
"Starving Hearts (Triangular Trade Trilogy, #1)",13.99,2,Classics
Shakespeare's Sonnets,20.66,4,Classics
Set Me Free,17.46,5,Classics
Scott Pilgrim's Precious Little Life (Scott Pilgrim #1),52.29,5,Classics
Rip it Up and Start Again,35.02,5,Classics
"Our Band Could Be Your Life: Scenes from the American Indie Underground, 1981-1991",57.25,3,Classics
Olio,23.88,1,Classics
Mesaerion: The Best Science Fiction Stories 1800-1849,37.59,1,Classics
Libertarianism for Beginners,51.33,2,Classics
It's Only the Himalayas,45.17,2,Classics
A Light in the Attic,51.77,3,Philosophy
Tipping the Velvet,53.74,1,Philosophy
Soumission,50.10,1,Philosophy
Sharp Objects,47.82,4,Philosophy
Sapiens: A Brief History of Humankind,54.23,5,Philosophy
The Requiem Red,22.65,1,Philosophy
The Dirty Little Secrets of Getting Your Dream Job,33.34,4,Philosophy
"The Coming Woman: A Novel Based on the Life of the Infamous Feminist, Victoria Woodhull",17.93,3,Philosophy
The Boys in the Boat: Nine Americans and Their Epic Quest for Gold at the 1936 Berlin Olympics,22.60,4,Philosophy
The Black Maria,52.15,1,Philosophy
"Starving Hearts (Triangular Trade Trilogy, #1)",13.99,2,Philosophy
Shakespeare's Sonnets,20.66,4,Philosophy
Set Me Free,17.46,5,Philosophy
Scott Pilgrim's Precious Little Life (Scott Pilgrim #1),52.29,5,Philosophy
Rip it Up and Start Again,35.02,5,Philosophy
"Our Band Could Be Your Life: Scenes from the American Indie Underground, 1981-1991",57.25,3,Philosophy
Olio,23.88,1,Philosophy
Mesaerion: The Best Science Fiction Stories 1800-1849,37.59,1,Philosophy
Libertarianism for Beginners,51.33,2,Philosophy
It's Only the Himalayas,45.17,2,Philosophy
A Light in the Attic,51.77,3,Romance
Tipping the Velvet,53.74,1,Romance
Soumission,50.10,1,Romance
Sharp Objects,47.82,4,Romance
Sapiens: A Brief History of Humankind,54.23,5,Romance
The Requiem Red,22.65,1,Romance
The Dirty Little Secrets of Getting Your Dream Job,33.34,4,Romance
"The Coming Woman: A Novel Based on the Life of the Infamous Feminist, Victoria Woodhull",17.93,3,Romance
The Boys in the Boat: Nine Americans and Their Epic Quest for Gold at the 1936 Berlin Olympics,22.60,4,Romance
The Black Maria,52.15,1,Romance
"Starving Hearts (Triangular Trade Trilogy, #1)",13.99,2,Romance
Shakespeare's Sonnets,20.66,4,Romance
Set Me Free,17.46,5,Romance
Scott Pilgrim's Precious Little Life (Scott Pilgrim #1),52.29,5,Romance
Rip it Up and Start Again,35.02,5,Romance
"Our Band Could Be Your Life: Scenes from the American Indie Underground, 1981-1991",57.25,3,Romance
Olio,23.88,1,Romance
Mesaerion: The Best Science Fiction Stories 1800-1849,37.59,1,Romance
Libertarianism for Beginners,51.33,2,Romance
It's Only the Himalayas,45.17,2,Romance
A Light in the Attic,51.77,3,Womens Fiction
Tipping the Velvet,53.74,1,Womens Fiction
Soumission,50.10,1,Womens Fiction
Sharp Objects,47.82,4,Womens Fiction
Sapiens: A Brief History of Humankind,54.23,5,Womens Fiction
The Requiem Red,22.65,1,Womens Fiction
The Dirty Little Secrets of Getting Your Dream Job,33.34,4,Womens Fiction
"The Coming Woman: A Novel Based on the Life of the Infamous Feminist, Victoria Woodhull",17.93,3,Womens Fiction
The Boys in the Boat: Nine Americans and Their Epic Quest for Gold at the 1936 Berlin Olympics,22.60,4,Womens Fiction
The Black Maria,52.15,1,Womens Fiction
"Starving Hearts (Triangular Trade Trilogy, #1)",13.99,2,Womens Fiction
Shakespeare's Sonnets,20.66,4,Womens Fiction
Set Me Free,17.46,5,Womens Fiction
Scott Pilgrim's Precious Little Life (Scott Pilgrim #1),52.29,5,Womens Fiction
Rip it Up and Start Again,35.02,5,Womens Fiction
"Our Band Could Be Your Life: Scenes from the American Indie Underground, 1981-1991",57.25,3,Womens Fiction
Olio,23.88,1,Womens Fiction
Mesaerion: The Best Science Fiction Stories 1800-1849,37.59,1,Womens Fiction
Libertarianism for Beginners,51.33,2,Womens Fiction
It's Only the Himalayas,45.17,2,Womens Fiction
A Light in the Attic,51.77,3,Fiction
Tipping the Velvet,53.74,1,Fiction
Soumission,50.10,1,Fiction
Sharp Objects,47.82,4,Fiction
Sapiens: A Brief History of Humankind,54.23,5,Fiction
The Requiem Red,22.65,1,Fiction
The Dirty Little Secrets of Getting Your Dream Job,33.34,4,Fiction
"The Coming Woman: A Novel Based on the Life of the Infamous Feminist, Victoria Woodhull",17.93,3,Fiction
The Boys in the Boat: Nine Americans and Their Epic Quest for Gold at the 1936 Berlin Olympics,22.60,4,Fiction
The Black Maria,52.15,1,Fiction
"Starving Hearts (Triangular Trade Trilogy, #1)",13.99,2,Fiction
Shakespeare's Sonnets,20.66,4,Fiction
Set Me Free,17.46,5,Fiction
Scott Pilgrim's Precious Little Life (Scott Pilgrim #1),52.29,5,Fiction
Rip it Up and Start Again,35.02,5,Fiction
"Our Band Could Be Your Life: Scenes from the American Indie Underground, 1981-1991",57.25,3,Fiction
Olio,23.88,1,Fiction
Mesaerion: The Best Science Fiction Stories 1800-1849,37.59,1,Fiction
Libertarianism for Beginners,51.33,2,Fiction
It's Only the Himalayas,45.17,2,Fiction
A Light in the Attic,51.77,3,Childrens
Tipping the Velvet,53.74,1,Childrens
Soumission,50.10,1,Childrens
Sharp Objects,47.82,4,Childrens
Sapiens: A Brief History of Humankind,54.23,5,Childrens
The Requiem Red,22.65,1,Childrens
The Dirty Little Secrets of Getting Your Dream Job,33.34,4,Childrens
"The Coming Woman: A Novel Based on the Life of the Infamous Feminist, Victoria Woodhull",17.93,3,Childrens
The Boys in the Boat: Nine Americans and Their Epic Quest for Gold at the 1936 Berlin Olympics,22.60,4,Childrens
The Black Maria,52.15,1,Childrens
"Starving Hearts (Triangular Trade Trilogy, #1)",13.99,2,Childrens
Shakespeare's Sonnets,20.66,4,Childrens
Set Me Free,17.46,5,Childrens
Scott Pilgrim's Precious Little Life (Scott Pilgrim #1),52.29,5,Childrens
Rip it Up and Start Again,35.02,5,Childrens
"Our Band Could Be Your Life: Scenes from the American Indie Underground, 1981-1991",57.25,3,Childrens
Olio,23.88,1,Childrens
Mesaerion: The Best Science Fiction Stories 1800-1849,37.59,1,Childrens
Libertarianism for Beginners,51.33,2,Childrens
It's Only the Himalayas,45.17,2,Childrens
A Light in the Attic,51.77,3,Religion
Tipping the Velvet,53.74,1,Religion
Soumission,50.10,1,Religion
Sharp Objects,47.82,4,Religion
Sapiens: A Brief History of Humankind,54.23,5,Religion
The Requiem Red,22.65,1,Religion
The Dirty Little Secrets of Getting Your Dream Job,33.34,4,Religion
"The Coming Woman: A Novel Based on the Life of the Infamous Feminist, Victoria Woodhull",17.93,3,Religion
The Boys in the Boat: Nine Americans and Their Epic Quest for Gold at the 1936 Berlin Olympics,22.60,4,Religion
The Black Maria,52.15,1,Religion
"Starving Hearts (Triangular Trade Trilogy, #1)",13.99,2,Religion
Shakespeare's Sonnets,20.66,4,Religion
Set Me Free,17.46,5,Religion
Scott Pilgrim's Precious Little Life (Scott Pilgrim #1),52.29,5,Religion
Rip it Up and Start Again,35.02,5,Religion
"Our Band Could Be Your Life: Scenes from the American Indie Underground, 1981-1991",57.25,3,Religion
Olio,23.88,1,Religion
Mesaerion: The Best Science Fiction Stories 1800-1849,37.59,1,Religion
Libertarianism for Beginners,51.33,2,Religion
It's Only the Himalayas,45.17,2,Religion
A Light in the Attic,51.77,3,Nonfiction
Tipping the Velvet,53.74,1,Nonfiction
Soumission,50.10,1,Nonfiction
Sharp Objects,47.82,4,Nonfiction
Sapiens: A Brief History of Humankind,54.23,5,Nonfiction
The Requiem Red,22.65,1,Nonfiction
The Dirty Little Secrets of Getting Your Dream Job,33.34,4,Nonfiction
"The Coming Woman: A Novel Based on the Life of the Infamous Feminist, Victoria Woodhull",17.93,3,Nonfiction
The Boys in the Boat: Nine Americans and Their Epic Quest for Gold at the 1936 Berlin Olympics,22.60,4,Nonfiction
The Black Maria,52.15,1,Nonfiction
"Starving Hearts (Triangular Trade Trilogy, #1)",13.99,2,Nonfiction
Shakespeare's Sonnets,20.66,4,Nonfiction
Set Me Free,17.46,5,Nonfiction
Scott Pilgrim's Precious Little Life (Scott Pilgrim #1),52.29,5,Nonfiction
Rip it Up and Start Again,35.02,5,Nonfiction
"Our Band Could Be Your Life: Scenes from the American Indie Underground, 1981-1991",57.25,3,Nonfiction
Olio,23.88,1,Nonfiction
Mesaerion: The Best Science Fiction Stories 1800-1849,37.59,1,Nonfiction
Libertarianism for Beginners,51.33,2,Nonfiction
It's Only the Himalayas,45.17,2,Nonfiction
A Light in the Attic,51.77,3,Music
Tipping the Velvet,53.74,1,Music
Soumission,50.10,1,Music
Sharp Objects,47.82,4,Music
Sapiens: A Brief History of Humankind,54.23,5,Music
The Requiem Red,22.65,1,Music
The Dirty Little Secrets of Getting Your Dream Job,33.34,4,Music
"The Coming Woman: A Novel Based on the Life of the Infamous Feminist, Victoria Woodhull",17.93,3,Music
The Boys in the Boat: Nine Americans and Their Epic Quest for Gold at the 1936 Berlin Olympics,22.60,4,Music
The Black Maria,52.15,1,Music
"Starving Hearts (Triangular Trade Trilogy, #1)",13.99,2,Music
Shakespeare's Sonnets,20.66,4,Music
Set Me Free,17.46,5,Music
Scott Pilgrim's Precious Little Life (Scott Pilgrim #1),52.29,5,Music
Rip it Up and Start Again,35.02,5,Music
"Our Band Could Be Your Life: Scenes from the American Indie Underground, 1981-1991",57.25,3,Music
Olio,23.88,1,Music
Mesaerion: The Best Science Fiction Stories 1800-1849,37.59,1,Music
Libertarianism for Beginners,51.33,2,Music
It's Only the Himalayas,45.17,2,Music
A Light in the Attic,51.77,3,Default
Tipping the Velvet,53.74,1,Default
Soumission,50.10,1,Default
Sharp Objects,47.82,4,Default
Sapiens: A Brief History of Humankind,54.23,5,Default
The Requiem Red,22.65,1,Default
The Dirty Little Secrets of Getting Your Dream Job,33.34,4,Default
"The Coming Woman: A Novel Based on the Life of the Infamous Feminist, Victoria Woodhull",17.93,3,Default
The Boys in the Boat: Nine Americans and Their Epic Quest for Gold at the 1936 Berlin Olympics,22.60,4,Default
The Black Maria,52.15,1,Default
"Starving Hearts (Triangular Trade Trilogy, #1)",13.99,2,Default
Shakespeare's Sonnets,20.66,4,Default
Set Me Free,17.46,5,Default
Scott Pilgrim's Precious Little Life (Scott Pilgrim #1),52.29,5,Default
Rip it Up and Start Again,35.02,5,Default
"Our Band Could Be Your Life: Scenes from the American Indie Underground, 1981-1991",57.25,3,Default
Olio,23.88,1,Default
Mesaerion: The Best Science Fiction Stories 1800-1849,37.59,1,Default
Libertarianism for Beginners,51.33,2,Default
It's Only the Himalayas,45.17,2,Default
A Light in the Attic,51.77,3,Science Fiction
Tipping the Velvet,53.74,1,Science Fiction
Soumission,50.10,1,Science Fiction
Sharp Objects,47.82,4,Science Fiction
Sapiens: A Brief History of Humankind,54.23,5,Science Fiction
The Requiem Red,22.65,1,Science Fiction
The Dirty Little Secrets of Getting Your Dream Job,33.34,4,Science Fiction
"The Coming Woman: A Novel Based on the Life of the Infamous Feminist, Victoria Woodhull",17.93,3,Science Fiction
The Boys in the Boat: Nine Americans and Their Epic Quest for Gold at the 1936 Berlin Olympics,22.60,4,Science Fiction
The Black Maria,52.15,1,Science Fiction
"Starving Hearts (Triangular Trade Trilogy, #1)",13.99,2,Science Fiction
Shakespeare's Sonnets,20.66,4,Science Fiction
Set Me Free,17.46,5,Science Fiction
Scott Pilgrim's Precious Little Life (Scott Pilgrim #1),52.29,5,Science Fiction
Rip it Up and Start Again,35.02,5,Science Fiction
"Our Band Could Be Your Life: Scenes from the American Indie Underground, 1981-1991",57.25,3,Science Fiction
Olio,23.88,1,Science Fiction
Mesaerion: The Best Science Fiction Stories 1800-1849,37.59,1,Science Fiction
Libertarianism for Beginners,51.33,2,Science Fiction
It's Only the Himalayas,45.17,2,Science Fiction
A Light in the Attic,51.77,3,Sports and Games
Tipping the Velvet,53.74,1,Sports and Games
Soumission,50.10,1,Sports and Games
Sharp Objects,47.82,4,Sports and Games
Sapiens: A Brief History of Humankind,54.23,5,Sports and Games
The Requiem Red,22.65,1,Sports and Games
The Dirty Little Secrets of Getting Your Dream Job,33.34,4,Sports and Games
"The Coming Woman: A Novel Based on the Life of the Infamous Feminist, Victoria Woodhull",17.93,3,Sports and Games
The Boys in the Boat: Nine Americans and Their Epic Quest for Gold at the 1936 Berlin Olympics,22.60,4,Sports and Games
The Black Maria,52.15,1,Sports and Games
"Starving Hearts (Triangular Trade Trilogy, #1)",13.99,2,Sports and Games
Shakespeare's Sonnets,20.66,4,Sports and Games
Set Me Free,17.46,5,Sports and Games
Scott Pilgrim's Precious Little Life (Scott Pilgrim #1),52.29,5,Sports and Games
Rip it Up and Start Again,35.02,5,Sports and Games
"Our Band Could Be Your Life: Scenes from the American Indie Underground, 1981-1991",57.25,3,Sports and Games
Olio,23.88,1,Sports and Games
Mesaerion: The Best Science Fiction Stories 1800-1849,37.59,1,Sports and Games
Libertarianism for Beginners,51.33,2,Sports and Games
It's Only the Himalayas,45.17,2,Sports and Games
A Light in the Attic,51.77,3,Add a comment
Tipping the Velvet,53.74,1,Add a comment
Soumission,50.10,1,Add a comment
Sharp Objects,47.82,4,Add a comment
Sapiens: A Brief History of Humankind,54.23,5,Add a comment
The Requiem Red,22.65,1,Add a comment
The Dirty Little Secrets of Getting Your Dream Job,33.34,4,Add a comment
"The Coming Woman: A Novel Based on the Life of the Infamous Feminist, Victoria Woodhull",17.93,3,Add a comment
The Boys in the Boat: Nine Americans and Their Epic Quest for Gold at the 1936 Berlin Olympics,22.60,4,Add a comment
The Black Maria,52.15,1,Add a comment
"Starving Hearts (Triangular Trade Trilogy, #1)",13.99,2,Add a comment
Shakespeare's Sonnets,20.66,4,Add a comment
Set Me Free,17.46,5,Add a comment
Scott Pilgrim's Precious Little Life (Scott Pilgrim #1),52.29,5,Add a comment
Rip it Up and Start Again,35.02,5,Add a comment
"Our Band Could Be Your Life: Scenes from the American Indie Underground, 1981-1991",57.25,3,Add a comment
Olio,23.88,1,Add a comment
Mesaerion: The Best Science Fiction Stories 1800-1849,37.59,1,Add a comment
Libertarianism for Beginners,51.33,2,Add a comment
It's Only the Himalayas,45.17,2,Add a comment
A Light in the Attic,51.77,3,Fantasy
Tipping the Velvet,53.74,1,Fantasy
Soumission,50.10,1,Fantasy
Sharp Objects,47.82,4,Fantasy
Sapiens: A Brief History of Humankind,54.23,5,Fantasy
The Requiem Red,22.65,1,Fantasy
The Dirty Little Secrets of Getting Your Dream Job,33.34,4,Fantasy
"The Coming Woman: A Novel Based on the Life of the Infamous Feminist, Victoria Woodhull",17.93,3,Fantasy
The Boys in the Boat: Nine Americans and Their Epic Quest for Gold at the 1936 Berlin Olympics,22.60,4,Fantasy
The Black Maria,52.15,1,Fantasy
"Starving Hearts (Triangular Trade Trilogy, #1)",13.99,2,Fantasy
Shakespeare's Sonnets,20.66,4,Fantasy
Set Me Free,17.46,5,Fantasy
Scott Pilgrim's Precious Little Life (Scott Pilgrim #1),52.29,5,Fantasy
Rip it Up and Start Again,35.02,5,Fantasy
"Our Band Could Be Your Life: Scenes from the American Indie Underground, 1981-1991",57.25,3,Fantasy
Olio,23.88,1,Fantasy
Mesaerion: The Best Science Fiction Stories 1800-1849,37.59,1,Fantasy
Libertarianism for Beginners,51.33,2,Fantasy
It's Only the Himalayas,45.17,2,Fantasy
A Light in the Attic,51.77,3,New Adult
Tipping the Velvet,53.74,1,New Adult
Soumission,50.10,1,New Adult
Sharp Objects,47.82,4,New Adult
Sapiens: A Brief History of Humankind,54.23,5,New Adult
The Requiem Red,22.65,1,New Adult
The Dirty Little Secrets of Getting Your Dream Job,33.34,4,New Adult
"The Coming Woman: A Novel Based on the Life of the Infamous Feminist, Victoria Woodhull",17.93,3,New Adult
The Boys in the Boat: Nine Americans and Their Epic Quest for Gold at the 1936 Berlin Olympics,22.60,4,New Adult
The Black Maria,52.15,1,New Adult
"Starving Hearts (Triangular Trade Trilogy, #1)",13.99,2,New Adult
Shakespeare's Sonnets,20.66,4,New Adult
Set Me Free,17.46,5,New Adult
Scott Pilgrim's Precious Little Life (Scott Pilgrim #1),52.29,5,New Adult
Rip it Up and Start Again,35.02,5,New Adult
"Our Band Could Be Your Life: Scenes from the American Indie Underground, 1981-1991",57.25,3,New Adult
Olio,23.88,1,New Adult
Mesaerion: The Best Science Fiction Stories 1800-1849,37.59,1,New Adult
Libertarianism for Beginners,51.33,2,New Adult
It's Only the Himalayas,45.17,2,New Adult
A Light in the Attic,51.77,3,Young Adult
Tipping the Velvet,53.74,1,Young Adult
Soumission,50.10,1,Young Adult
Sharp Objects,47.82,4,Young Adult
Sapiens: A Brief History of Humankind,54.23,5,Young Adult
The Requiem Red,22.65,1,Young Adult
The Dirty Little Secrets of Getting Your Dream Job,33.34,4,Young Adult
"The Coming Woman: A Novel Based on the Life of the Infamous Feminist, Victoria Woodhull",17.93,3,Young Adult
The Boys in the Boat: Nine Americans and Their Epic Quest for Gold at the 1936 Berlin Olympics,22.60,4,Young Adult
The Black Maria,52.15,1,Young Adult
"Starving Hearts (Triangular Trade Trilogy, #1)",13.99,2,Young Adult
Shakespeare's Sonnets,20.66,4,Young Adult
Set Me Free,17.46,5,Young Adult
Scott Pilgrim's Precious Little Life (Scott Pilgrim #1),52.29,5,Young Adult
Rip it Up and Start Again,35.02,5,Young Adult
"Our Band Could Be Your Life: Scenes from the American Indie Underground, 1981-1991",57.25,3,Young Adult
Olio,23.88,1,Young Adult
Mesaerion: The Best Science Fiction Stories 1800-1849,37.59,1,Young Adult
Libertarianism for Beginners,51.33,2,Young Adult
It's Only the Himalayas,45.17,2,Young Adult
A Light in the Attic,51.77,3,Science
Tipping the Velvet,53.74,1,Science
Soumission,50.10,1,Science
Sharp Objects,47.82,4,Science
Sapiens: A Brief History of Humankind,54.23,5,Science
The Requiem Red,22.65,1,Science
The Dirty Little Secrets of Getting Your Dream Job,33.34,4,Science
"The Coming Woman: A Novel Based on the Life of the Infamous Feminist, Victoria Woodhull",17.93,3,Science
The Boys in the Boat: Nine Americans and Their Epic Quest for Gold at the 1936 Berlin Olympics,22.60,4,Science
The Black Maria,52.15,1,Science
"Starving Hearts (Triangular Trade Trilogy, #1)",13.99,2,Science
Shakespeare's Sonnets,20.66,4,Science
Set Me Free,17.46,5,Science
Scott Pilgrim's Precious Little Life (Scott Pilgrim #1),52.29,5,Science
Rip it Up and Start Again,35.02,5,Science
"Our Band Could Be Your Life: Scenes from the American Indie Underground, 1981-1991",57.25,3,Science
Olio,23.88,1,Science
Mesaerion: The Best Science Fiction Stories 1800-1849,37.59,1,Science
Libertarianism for Beginners,51.33,2,Science
It's Only the Himalayas,45.17,2,Science
A Light in the Attic,51.77,3,Poetry
Tipping the Velvet,53.74,1,Poetry
Soumission,50.10,1,Poetry
Sharp Objects,47.82,4,Poetry
Sapiens: A Brief History of Humankind,54.23,5,Poetry
The Requiem Red,22.65,1,Poetry
The Dirty Little Secrets of Getting Your Dream Job,33.34,4,Poetry
"The Coming Woman: A Novel Based on the Life of the Infamous Feminist, Victoria Woodhull",17.93,3,Poetry
The Boys in the Boat: Nine Americans and Their Epic Quest for Gold at the 1936 Berlin Olympics,22.60,4,Poetry
The Black Maria,52.15,1,Poetry
"Starving Hearts (Triangular Trade Trilogy, #1)",13.99,2,Poetry
Shakespeare's Sonnets,20.66,4,Poetry
Set Me Free,17.46,5,Poetry
Scott Pilgrim's Precious Little Life (Scott Pilgrim #1),52.29,5,Poetry
Rip it Up and Start Again,35.02,5,Poetry
"Our Band Could Be Your Life: Scenes from the American Indie Underground, 1981-1991",57.25,3,Poetry
Olio,23.88,1,Poetry
Mesaerion: The Best Science Fiction Stories 1800-1849,37.59,1,Poetry
Libertarianism for Beginners,51.33,2,Poetry
It's Only the Himalayas,45.17,2,Poetry
A Light in the Attic,51.77,3,Paranormal
Tipping the Velvet,53.74,1,Paranormal
Soumission,50.10,1,Paranormal
Sharp Objects,47.82,4,Paranormal
Sapiens: A Brief History of Humankind,54.23,5,Paranormal
The Requiem Red,22.65,1,Paranormal
The Dirty Little Secrets of Getting Your Dream Job,33.34,4,Paranormal
"The Coming Woman: A Novel Based on the Life of the Infamous Feminist, Victoria Woodhull",17.93,3,Paranormal
The Boys in the Boat: Nine Americans and Their Epic Quest for Gold at the 1936 Berlin Olympics,22.60,4,Paranormal
The Black Maria,52.15,1,Paranormal
"Starving Hearts (Triangular Trade Trilogy, #1)",13.99,2,Paranormal
Shakespeare's Sonnets,20.66,4,Paranormal
Set Me Free,17.46,5,Paranormal
Scott Pilgrim's Precious Little Life (Scott Pilgrim #1),52.29,5,Paranormal
Rip it Up and Start Again,35.02,5,Paranormal
"Our Band Could Be Your Life: Scenes from the American Indie Underground, 1981-1991",57.25,3,Paranormal
Olio,23.88,1,Paranormal
Mesaerion: The Best Science Fiction Stories 1800-1849,37.59,1,Paranormal
Libertarianism for Beginners,51.33,2,Paranormal
It's Only the Himalayas,45.17,2,Paranormal
A Light in the Attic,51.77,3,Art
Tipping the Velvet,53.74,1,Art
Soumission,50.10,1,Art
Sharp Objects,47.82,4,Art
Sapiens: A Brief History of Humankind,54.23,5,Art
The Requiem Red,22.65,1,Art
The Dirty Little Secrets of Getting Your Dream Job,33.34,4,Art
"The Coming Woman: A Novel Based on the Life of the Infamous Feminist, Victoria Woodhull",17.93,3,Art
The Boys in the Boat: Nine Americans and Their Epic Quest for Gold at the 1936 Berlin Olympics,22.60,4,Art
The Black Maria,52.15,1,Art
"Starving Hearts (Triangular Trade Trilogy, #1)",13.99,2,Art
Shakespeare's Sonnets,20.66,4,Art
Set Me Free,17.46,5,Art
Scott Pilgrim's Precious Little Life (Scott Pilgrim #1),52.29,5,Art
Rip it Up and Start Again,35.02,5,Art
"Our Band Could Be Your Life: Scenes from the American Indie Underground, 1981-1991",57.25,3,Art
Olio,23.88,1,Art
Mesaerion: The Best Science Fiction Stories 1800-1849,37.59,1,Art
Libertarianism for Beginners,51.33,2,Art
It's Only the Himalayas,45.17,2,Art
A Light in the Attic,51.77,3,Psychology
Tipping the Velvet,53.74,1,Psychology
Soumission,50.10,1,Psychology
Sharp Objects,47.82,4,Psychology
Sapiens: A Brief History of Humankind,54.23,5,Psychology
The Requiem Red,22.65,1,Psychology
The Dirty Little Secrets of Getting Your Dream Job,33.34,4,Psychology
"The Coming Woman: A Novel Based on the Life of the Infamous Feminist, Victoria Woodhull",17.93,3,Psychology
The Boys in the Boat: Nine Americans and Their Epic Quest for Gold at the 1936 Berlin Olympics,22.60,4,Psychology
The Black Maria,52.15,1,Psychology
"Starving Hearts (Triangular Trade Trilogy, #1)",13.99,2,Psychology
Shakespeare's Sonnets,20.66,4,Psychology
Set Me Free,17.46,5,Psychology
Scott Pilgrim's Precious Little Life (Scott Pilgrim #1),52.29,5,Psychology
Rip it Up and Start Again,35.02,5,Psychology
"Our Band Could Be Your Life: Scenes from the American Indie Underground, 1981-1991",57.25,3,Psychology
Olio,23.88,1,Psychology
Mesaerion: The Best Science Fiction Stories 1800-1849,37.59,1,Psychology
Libertarianism for Beginners,51.33,2,Psychology
It's Only the Himalayas,45.17,2,Psychology
A Light in the Attic,51.77,3,Autobiography
Tipping the Velvet,53.74,1,Autobiography
Soumission,50.10,1,Autobiography
Sharp Objects,47.82,4,Autobiography
Sapiens: A Brief History of Humankind,54.23,5,Autobiography
The Requiem Red,22.65,1,Autobiography
The Dirty Little Secrets of Getting Your Dream Job,33.34,4,Autobiography
"The Coming Woman: A Novel Based on the Life of the Infamous Feminist, Victoria Woodhull",17.93,3,Autobiography
The Boys in the Boat: Nine Americans and Their Epic Quest for Gold at the 1936 Berlin Olympics,22.60,4,Autobiography
The Black Maria,52.15,1,Autobiography
"Starving Hearts (Triangular Trade Trilogy, #1)",13.99,2,Autobiography
Shakespeare's Sonnets,20.66,4,Autobiography
Set Me Free,17.46,5,Autobiography
Scott Pilgrim's Precious Little Life (Scott Pilgrim #1),52.29,5,Autobiography
Rip it Up and Start Again,35.02,5,Autobiography
"Our Band Could Be Your Life: Scenes from the American Indie Underground, 1981-1991",57.25,3,Autobiography
Olio,23.88,1,Autobiography
Mesaerion: The Best Science Fiction Stories 1800-1849,37.59,1,Autobiography
Libertarianism for Beginners,51.33,2,Autobiography
It's Only the Himalayas,45.17,2,Autobiography
A Light in the Attic,51.77,3,Parenting
Tipping the Velvet,53.74,1,Parenting
Soumission,50.10,1,Parenting
Sharp Objects,47.82,4,Parenting
Sapiens: A Brief History of Humankind,54.23,5,Parenting
The Requiem Red,22.65,1,Parenting
The Dirty Little Secrets of Getting Your Dream Job,33.34,4,Parenting
"The Coming Woman: A Novel Based on the Life of the Infamous Feminist, Victoria Woodhull",17.93,3,Parenting
The Boys in the Boat: Nine Americans and Their Epic Quest for Gold at the 1936 Berlin Olympics,22.60,4,Parenting
The Black Maria,52.15,1,Parenting
"Starving Hearts (Triangular Trade Trilogy, #1)",13.99,2,Parenting
Shakespeare's Sonnets,20.66,4,Parenting
Set Me Free,17.46,5,Parenting
Scott Pilgrim's Precious Little Life (Scott Pilgrim #1),52.29,5,Parenting
Rip it Up and Start Again,35.02,5,Parenting
"Our Band Could Be Your Life: Scenes from the American Indie Underground, 1981-1991",57.25,3,Parenting
Olio,23.88,1,Parenting
Mesaerion: The Best Science Fiction Stories 1800-1849,37.59,1,Parenting
Libertarianism for Beginners,51.33,2,Parenting
It's Only the Himalayas,45.17,2,Parenting
A Light in the Attic,51.77,3,Adult Fiction
Tipping the Velvet,53.74,1,Adult Fiction
Soumission,50.10,1,Adult Fiction
Sharp Objects,47.82,4,Adult Fiction
Sapiens: A Brief History of Humankind,54.23,5,Adult Fiction
The Requiem Red,22.65,1,Adult Fiction
The Dirty Little Secrets of Getting Your Dream Job,33.34,4,Adult Fiction
"The Coming Woman: A Novel Based on the Life of the Infamous Feminist, Victoria Woodhull",17.93,3,Adult Fiction
The Boys in the Boat: Nine Americans and Their Epic Quest for Gold at the 1936 Berlin Olympics,22.60,4,Adult Fiction
The Black Maria,52.15,1,Adult Fiction
"Starving Hearts (Triangular Trade Trilogy, #1)",13.99,2,Adult Fiction
Shakespeare's Sonnets,20.66,4,Adult Fiction
Set Me Free,17.46,5,Adult Fiction
Scott Pilgrim's Precious Little Life (Scott Pilgrim #1),52.29,5,Adult Fiction
Rip it Up and Start Again,35.02,5,Adult Fiction
"Our Band Could Be Your Life: Scenes from the American Indie Underground, 1981-1991",57.25,3,Adult Fiction
Olio,23.88,1,Adult Fiction
Mesaerion: The Best Science Fiction Stories 1800-1849,37.59,1,Adult Fiction
Libertarianism for Beginners,51.33,2,Adult Fiction
It's Only the Himalayas,45.17,2,Adult Fiction
A Light in the Attic,51.77,3,Humor
Tipping the Velvet,53.74,1,Humor
Soumission,50.10,1,Humor
Sharp Objects,47.82,4,Humor
Sapiens: A Brief History of Humankind,54.23,5,Humor
The Requiem Red,22.65,1,Humor
The Dirty Little Secrets of Getting Your Dream Job,33.34,4,Humor
"The Coming Woman: A Novel Based on the Life of the Infamous Feminist, Victoria Woodhull",17.93,3,Humor
The Boys in the Boat: Nine Americans and Their Epic Quest for Gold at the 1936 Berlin Olympics,22.60,4,Humor
The Black Maria,52.15,1,Humor
"Starving Hearts (Triangular Trade Trilogy, #1)",13.99,2,Humor
Shakespeare's Sonnets,20.66,4,Humor
Set Me Free,17.46,5,Humor
Scott Pilgrim's Precious Little Life (Scott Pilgrim #1),52.29,5,Humor
Rip it Up and Start Again,35.02,5,Humor
"Our Band Could Be Your Life: Scenes from the American Indie Underground, 1981-1991",57.25,3,Humor
Olio,23.88,1,Humor
Mesaerion: The Best Science Fiction Stories 1800-1849,37.59,1,Humor
Libertarianism for Beginners,51.33,2,Humor
It's Only the Himalayas,45.17,2,Humor
A Light in the Attic,51.77,3,Horror
Tipping the Velvet,53.74,1,Horror
Soumission,50.10,1,Horror
Sharp Objects,47.82,4,Horror
Sapiens: A Brief History of Humankind,54.23,5,Horror
The Requiem Red,22.65,1,Horror
The Dirty Little Secrets of Getting Your Dream Job,33.34,4,Horror
"The Coming Woman: A Novel Based on the Life of the Infamous Feminist, Victoria Woodhull",17.93,3,Horror
The Boys in the Boat: Nine Americans and Their Epic Quest for Gold at the 1936 Berlin Olympics,22.60,4,Horror
The Black Maria,52.15,1,Horror
"Starving Hearts (Triangular Trade Trilogy, #1)",13.99,2,Horror
Shakespeare's Sonnets,20.66,4,Horror
Set Me Free,17.46,5,Horror
Scott Pilgrim's Precious Little Life (Scott Pilgrim #1),52.29,5,Horror
Rip it Up and Start Again,35.02,5,Horror
"Our Band Could Be Your Life: Scenes from the American Indie Underground, 1981-1991",57.25,3,Horror
Olio,23.88,1,Horror
Mesaerion: The Best Science Fiction Stories 1800-1849,37.59,1,Horror
Libertarianism for Beginners,51.33,2,Horror
It's Only the Himalayas,45.17,2,Horror
A Light in the Attic,51.77,3,History
Tipping the Velvet,53.74,1,History
Soumission,50.10,1,History
Sharp Objects,47.82,4,History
Sapiens: A Brief History of Humankind,54.23,5,History
The Requiem Red,22.65,1,History
The Dirty Little Secrets of Getting Your Dream Job,33.34,4,History
"The Coming Woman: A Novel Based on the Life of the Infamous Feminist, Victoria Woodhull",17.93,3,History
The Boys in the Boat: Nine Americans and Their Epic Quest for Gold at the 1936 Berlin Olympics,22.60,4,History
The Black Maria,52.15,1,History
"Starving Hearts (Triangular Trade Trilogy, #1)",13.99,2,History
Shakespeare's Sonnets,20.66,4,History
Set Me Free,17.46,5,History
Scott Pilgrim's Precious Little Life (Scott Pilgrim #1),52.29,5,History
Rip it Up and Start Again,35.02,5,History
"Our Band Could Be Your Life: Scenes from the American Indie Underground, 1981-1991",57.25,3,History
Olio,23.88,1,History
Mesaerion: The Best Science Fiction Stories 1800-1849,37.59,1,History
Libertarianism for Beginners,51.33,2,History
It's Only the Himalayas,45.17,2,History
A Light in the Attic,51.77,3,Food and Drink
Tipping the Velvet,53.74,1,Food and Drink
Soumission,50.10,1,Food and Drink
Sharp Objects,47.82,4,Food and Drink
Sapiens: A Brief History of Humankind,54.23,5,Food and Drink
The Requiem Red,22.65,1,Food and Drink
The Dirty Little Secrets of Getting Your Dream Job,33.34,4,Food and Drink
"The Coming Woman: A Novel Based on the Life of the Infamous Feminist, Victoria Woodhull",17.93,3,Food and Drink
The Boys in the Boat: Nine Americans and Their Epic Quest for Gold at the 1936 Berlin Olympics,22.60,4,Food and Drink
The Black Maria,52.15,1,Food and Drink
"Starving Hearts (Triangular Trade Trilogy, #1)",13.99,2,Food and Drink
Shakespeare's Sonnets,20.66,4,Food and Drink
Set Me Free,17.46,5,Food and Drink
Scott Pilgrim's Precious Little Life (Scott Pilgrim #1),52.29,5,Food and Drink
Rip it Up and Start Again,35.02,5,Food and Drink
"Our Band Could Be Your Life: Scenes from the American Indie Underground, 1981-1991",57.25,3,Food and Drink
Olio,23.88,1,Food and Drink
Mesaerion: The Best Science Fiction Stories 1800-1849,37.59,1,Food and Drink
Libertarianism for Beginners,51.33,2,Food and Drink
It's Only the Himalayas,45.17,2,Food and Drink
A Light in the Attic,51.77,3,Christian Fiction
Tipping the Velvet,53.74,1,Christian Fiction
Soumission,50.10,1,Christian Fiction
Sharp Objects,47.82,4,Christian Fiction
Sapiens: A Brief History of Humankind,54.23,5,Christian Fiction
The Requiem Red,22.65,1,Christian Fiction
The Dirty Little Secrets of Getting Your Dream Job,33.34,4,Christian Fiction
"The Coming Woman: A Novel Based on the Life of the Infamous Feminist, Victoria Woodhull",17.93,3,Christian Fiction
The Boys in the Boat: Nine Americans and Their Epic Quest for Gold at the 1936 Berlin Olympics,22.60,4,Christian Fiction
The Black Maria,52.15,1,Christian Fiction
"Starving Hearts (Triangular Trade Trilogy, #1)",13.99,2,Christian Fiction
Shakespeare's Sonnets,20.66,4,Christian Fiction
Set Me Free,17.46,5,Christian Fiction
Scott Pilgrim's Precious Little Life (Scott Pilgrim #1),52.29,5,Christian Fiction
Rip it Up and Start Again,35.02,5,Christian Fiction
"Our Band Could Be Your Life: Scenes from the American Indie Underground, 1981-1991",57.25,3,Christian Fiction
Olio,23.88,1,Christian Fiction
Mesaerion: The Best Science Fiction Stories 1800-1849,37.59,1,Christian Fiction
Libertarianism for Beginners,51.33,2,Christian Fiction
It's Only the Himalayas,45.17,2,Christian Fiction
A Light in the Attic,51.77,3,Business
Tipping the Velvet,53.74,1,Business
Soumission,50.10,1,Business
Sharp Objects,47.82,4,Business
Sapiens: A Brief History of Humankind,54.23,5,Business
The Requiem Red,22.65,1,Business
The Dirty Little Secrets of Getting Your Dream Job,33.34,4,Business
"The Coming Woman: A Novel Based on the Life of the Infamous Feminist, Victoria Woodhull",17.93,3,Business
The Boys in the Boat: Nine Americans and Their Epic Quest for Gold at the 1936 Berlin Olympics,22.60,4,Business
The Black Maria,52.15,1,Business
"Starving Hearts (Triangular Trade Trilogy, #1)",13.99,2,Business
Shakespeare's Sonnets,20.66,4,Business
Set Me Free,17.46,5,Business
Scott Pilgrim's Precious Little Life (Scott Pilgrim #1),52.29,5,Business
Rip it Up and Start Again,35.02,5,Business
"Our Band Could Be Your Life: Scenes from the American Indie Underground, 1981-1991",57.25,3,Business
Olio,23.88,1,Business
Mesaerion: The Best Science Fiction Stories 1800-1849,37.59,1,Business
Libertarianism for Beginners,51.33,2,Business
It's Only the Himalayas,45.17,2,Business
A Light in the Attic,51.77,3,Biography
Tipping the Velvet,53.74,1,Biography
Soumission,50.10,1,Biography
Sharp Objects,47.82,4,Biography
Sapiens: A Brief History of Humankind,54.23,5,Biography
The Requiem Red,22.65,1,Biography
The Dirty Little Secrets of Getting Your Dream Job,33.34,4,Biography
"The Coming Woman: A Novel Based on the Life of the Infamous Feminist, Victoria Woodhull",17.93,3,Biography
The Boys in the Boat: Nine Americans and Their Epic Quest for Gold at the 1936 Berlin Olympics,22.60,4,Biography
The Black Maria,52.15,1,Biography
"Starving Hearts (Triangular Trade Trilogy, #1)",13.99,2,Biography
Shakespeare's Sonnets,20.66,4,Biography
Set Me Free,17.46,5,Biography
Scott Pilgrim's Precious Little Life (Scott Pilgrim #1),52.29,5,Biography
Rip it Up and Start Again,35.02,5,Biography
"Our Band Could Be Your Life: Scenes from the American Indie Underground, 1981-1991",57.25,3,Biography
Olio,23.88,1,Biography
Mesaerion: The Best Science Fiction Stories 1800-1849,37.59,1,Biography
Libertarianism for Beginners,51.33,2,Biography
It's Only the Himalayas,45.17,2,Biography
A Light in the Attic,51.77,3,Thriller
Tipping the Velvet,53.74,1,Thriller
Soumission,50.10,1,Thriller
Sharp Objects,47.82,4,Thriller
Sapiens: A Brief History of Humankind,54.23,5,Thriller
The Requiem Red,22.65,1,Thriller
The Dirty Little Secrets of Getting Your Dream Job,33.34,4,Thriller
"The Coming Woman: A Novel Based on the Life of the Infamous Feminist, Victoria Woodhull",17.93,3,Thriller
The Boys in the Boat: Nine Americans and Their Epic Quest for Gold at the 1936 Berlin Olympics,22.60,4,Thriller
The Black Maria,52.15,1,Thriller
"Starving Hearts (Triangular Trade Trilogy, #1)",13.99,2,Thriller
Shakespeare's Sonnets,20.66,4,Thriller
Set Me Free,17.46,5,Thriller
Scott Pilgrim's Precious Little Life (Scott Pilgrim #1),52.29,5,Thriller
Rip it Up and Start Again,35.02,5,Thriller
"Our Band Could Be Your Life: Scenes from the American Indie Underground, 1981-1991",57.25,3,Thriller
Olio,23.88,1,Thriller
Mesaerion: The Best Science Fiction Stories 1800-1849,37.59,1,Thriller
Libertarianism for Beginners,51.33,2,Thriller
It's Only the Himalayas,45.17,2,Thriller
A Light in the Attic,51.77,3,Contemporary
Tipping the Velvet,53.74,1,Contemporary
Soumission,50.10,1,Contemporary
Sharp Objects,47.82,4,Contemporary
Sapiens: A Brief History of Humankind,54.23,5,Contemporary
The Requiem Red,22.65,1,Contemporary
The Dirty Little Secrets of Getting Your Dream Job,33.34,4,Contemporary
"The Coming Woman: A Novel Based on the Life of the Infamous Feminist, Victoria Woodhull",17.93,3,Contemporary
The Boys in the Boat: Nine Americans and Their Epic Quest for Gold at the 1936 Berlin Olympics,22.60,4,Contemporary
The Black Maria,52.15,1,Contemporary
"Starving Hearts (Triangular Trade Trilogy, #1)",13.99,2,Contemporary
Shakespeare's Sonnets,20.66,4,Contemporary
Set Me Free,17.46,5,Contemporary
Scott Pilgrim's Precious Little Life (Scott Pilgrim #1),52.29,5,Contemporary
Rip it Up and Start Again,35.02,5,Contemporary
"Our Band Could Be Your Life: Scenes from the American Indie Underground, 1981-1991",57.25,3,Contemporary
Olio,23.88,1,Contemporary
Mesaerion: The Best Science Fiction Stories 1800-1849,37.59,1,Contemporary
Libertarianism for Beginners,51.33,2,Contemporary
It's Only the Himalayas,45.17,2,Contemporary
A Light in the Attic,51.77,3,Spirituality
Tipping the Velvet,53.74,1,Spirituality
Soumission,50.10,1,Spirituality
Sharp Objects,47.82,4,Spirituality
Sapiens: A Brief History of Humankind,54.23,5,Spirituality
The Requiem Red,22.65,1,Spirituality
The Dirty Little Secrets of Getting Your Dream Job,33.34,4,Spirituality
"The Coming Woman: A Novel Based on the Life of the Infamous Feminist, Victoria Woodhull",17.93,3,Spirituality
The Boys in the Boat: Nine Americans and Their Epic Quest for Gold at the 1936 Berlin Olympics,22.60,4,Spirituality
The Black Maria,52.15,1,Spirituality
"Starving Hearts (Triangular Trade Trilogy, #1)",13.99,2,Spirituality
Shakespeare's Sonnets,20.66,4,Spirituality
Set Me Free,17.46,5,Spirituality
Scott Pilgrim's Precious Little Life (Scott Pilgrim #1),52.29,5,Spirituality
Rip it Up and Start Again,35.02,5,Spirituality
"Our Band Could Be Your Life: Scenes from the American Indie Underground, 1981-1991",57.25,3,Spirituality
Olio,23.88,1,Spirituality
Mesaerion: The Best Science Fiction Stories 1800-1849,37.59,1,Spirituality
Libertarianism for Beginners,51.33,2,Spirituality
It's Only the Himalayas,45.17,2,Spirituality
A Light in the Attic,51.77,3,Academic
Tipping the Velvet,53.74,1,Academic
Soumission,50.10,1,Academic
Sharp Objects,47.82,4,Academic
Sapiens: A Brief History of Humankind,54.23,5,Academic
The Requiem Red,22.65,1,Academic
The Dirty Little Secrets of Getting Your Dream Job,33.34,4,Academic
"The Coming Woman: A Novel Based on the Life of the Infamous Feminist, Victoria Woodhull",17.93,3,Academic
The Boys in the Boat: Nine Americans and Their Epic Quest for Gold at the 1936 Berlin Olympics,22.60,4,Academic
The Black Maria,52.15,1,Academic
"Starving Hearts (Triangular Trade Trilogy, #1)",13.99,2,Academic
Shakespeare's Sonnets,20.66,4,Academic
Set Me Free,17.46,5,Academic
Scott Pilgrim's Precious Little Life (Scott Pilgrim #1),52.29,5,Academic
Rip it Up and Start Again,35.02,5,Academic
"Our Band Could Be Your Life: Scenes from the American Indie Underground, 1981-1991",57.25,3,Academic
Olio,23.88,1,Academic
Mesaerion: The Best Science Fiction Stories 1800-1849,37.59,1,Academic
Libertarianism for Beginners,51.33,2,Academic
It's Only the Himalayas,45.17,2,Academic
A Light in the Attic,51.77,3,Self Help
Tipping the Velvet,53.74,1,Self Help
Soumission,50.10,1,Self Help
Sharp Objects,47.82,4,Self Help
Sapiens: A Brief History of Humankind,54.23,5,Self Help
The Requiem Red,22.65,1,Self Help
The Dirty Little Secrets of Getting Your Dream Job,33.34,4,Self Help
"The Coming Woman: A Novel Based on the Life of the Infamous Feminist, Victoria Woodhull",17.93,3,Self Help
The Boys in the Boat: Nine Americans and Their Epic Quest for Gold at the 1936 Berlin Olympics,22.60,4,Self Help
The Black Maria,52.15,1,Self Help
"Starving Hearts (Triangular Trade Trilogy, #1)",13.99,2,Self Help
Shakespeare's Sonnets,20.66,4,Self Help
Set Me Free,17.46,5,Self Help
Scott Pilgrim's Precious Little Life (Scott Pilgrim #1),52.29,5,Self Help
Rip it Up and Start Again,35.02,5,Self Help
"Our Band Could Be Your Life: Scenes from the American Indie Underground, 1981-1991",57.25,3,Self Help
Olio,23.88,1,Self Help
Mesaerion: The Best Science Fiction Stories 1800-1849,37.59,1,Self Help
Libertarianism for Beginners,51.33,2,Self Help
It's Only the Himalayas,45.17,2,Self Help
A Light in the Attic,51.77,3,Historical
Tipping the Velvet,53.74,1,Historical
Soumission,50.10,1,Historical
Sharp Objects,47.82,4,Historical
Sapiens: A Brief History of Humankind,54.23,5,Historical
The Requiem Red,22.65,1,Historical
The Dirty Little Secrets of Getting Your Dream Job,33.34,4,Historical
"The Coming Woman: A Novel Based on the Life of the Infamous Feminist, Victoria Woodhull",17.93,3,Historical
The Boys in the Boat: Nine Americans and Their Epic Quest for Gold at the 1936 Berlin Olympics,22.60,4,Historical
The Black Maria,52.15,1,Historical
"Starving Hearts (Triangular Trade Trilogy, #1)",13.99,2,Historical
Shakespeare's Sonnets,20.66,4,Historical
Set Me Free,17.46,5,Historical
Scott Pilgrim's Precious Little Life (Scott Pilgrim #1),52.29,5,Historical
Rip it Up and Start Again,35.02,5,Historical
"Our Band Could Be Your Life: Scenes from the American Indie Underground, 1981-1991",57.25,3,Historical
Olio,23.88,1,Historical
Mesaerion: The Best Science Fiction Stories 1800-1849,37.59,1,Historical
Libertarianism for Beginners,51.33,2,Historical
It's Only the Himalayas,45.17,2,Historical
A Light in the Attic,51.77,3,Christian
Tipping the Velvet,53.74,1,Christian
Soumission,50.10,1,Christian
Sharp Objects,47.82,4,Christian
Sapiens: A Brief History of Humankind,54.23,5,Christian
The Requiem Red,22.65,1,Christian
The Dirty Little Secrets of Getting Your Dream Job,33.34,4,Christian
"The Coming Woman: A Novel Based on the Life of the Infamous Feminist, Victoria Woodhull",17.93,3,Christian
The Boys in the Boat: Nine Americans and Their Epic Quest for Gold at the 1936 Berlin Olympics,22.60,4,Christian
The Black Maria,52.15,1,Christian
"Starving Hearts (Triangular Trade Trilogy, #1)",13.99,2,Christian
Shakespeare's Sonnets,20.66,4,Christian
Set Me Free,17.46,5,Christian
Scott Pilgrim's Precious Little Life (Scott Pilgrim #1),52.29,5,Christian
Rip it Up and Start Again,35.02,5,Christian
"Our Band Could Be Your Life: Scenes from the American Indie Underground, 1981-1991",57.25,3,Christian
Olio,23.88,1,Christian
Mesaerion: The Best Science Fiction Stories 1800-1849,37.59,1,Christian
Libertarianism for Beginners,51.33,2,Christian
It's Only the Himalayas,45.17,2,Christian
A Light in the Attic,51.77,3,Suspense
Tipping the Velvet,53.74,1,Suspense
Soumission,50.10,1,Suspense
Sharp Objects,47.82,4,Suspense
Sapiens: A Brief History of Humankind,54.23,5,Suspense
The Requiem Red,22.65,1,Suspense
The Dirty Little Secrets of Getting Your Dream Job,33.34,4,Suspense
"The Coming Woman: A Novel Based on the Life of the Infamous Feminist, Victoria Woodhull",17.93,3,Suspense
The Boys in the Boat: Nine Americans and Their Epic Quest for Gold at the 1936 Berlin Olympics,22.60,4,Suspense
The Black Maria,52.15,1,Suspense
"Starving Hearts (Triangular Trade Trilogy, #1)",13.99,2,Suspense
Shakespeare's Sonnets,20.66,4,Suspense
Set Me Free,17.46,5,Suspense
Scott Pilgrim's Precious Little Life (Scott Pilgrim #1),52.29,5,Suspense
Rip it Up and Start Again,35.02,5,Suspense
"Our Band Could Be Your Life: Scenes from the American Indie Underground, 1981-1991",57.25,3,Suspense
Olio,23.88,1,Suspense
Mesaerion: The Best Science Fiction Stories 1800-1849,37.59,1,Suspense
Libertarianism for Beginners,51.33,2,Suspense
It's Only the Himalayas,45.17,2,Suspense
A Light in the Attic,51.77,3,Short Stories
Tipping the Velvet,53.74,1,Short Stories
Soumission,50.10,1,Short Stories
Sharp Objects,47.82,4,Short Stories
Sapiens: A Brief History of Humankind,54.23,5,Short Stories
The Requiem Red,22.65,1,Short Stories
The Dirty Little Secrets of Getting Your Dream Job,33.34,4,Short Stories
"The Coming Woman: A Novel Based on the Life of the Infamous Feminist, Victoria Woodhull",17.93,3,Short Stories
The Boys in the Boat: Nine Americans and Their Epic Quest for Gold at the 1936 Berlin Olympics,22.60,4,Short Stories
The Black Maria,52.15,1,Short Stories
"Starving Hearts (Triangular Trade Trilogy, #1)",13.99,2,Short Stories
Shakespeare's Sonnets,20.66,4,Short Stories
Set Me Free,17.46,5,Short Stories
Scott Pilgrim's Precious Little Life (Scott Pilgrim #1),52.29,5,Short Stories
Rip it Up and Start Again,35.02,5,Short Stories
"Our Band Could Be Your Life: Scenes from the American Indie Underground, 1981-1991",57.25,3,Short Stories
Olio,23.88,1,Short Stories
Mesaerion: The Best Science Fiction Stories 1800-1849,37.59,1,Short Stories
Libertarianism for Beginners,51.33,2,Short Stories
It's Only the Himalayas,45.17,2,Short Stories
A Light in the Attic,51.77,3,Novels
Tipping the Velvet,53.74,1,Novels
Soumission,50.10,1,Novels
Sharp Objects,47.82,4,Novels
Sapiens: A Brief History of Humankind,54.23,5,Novels
The Requiem Red,22.65,1,Novels
The Dirty Little Secrets of Getting Your Dream Job,33.34,4,Novels
"The Coming Woman: A Novel Based on the Life of the Infamous Feminist, Victoria Woodhull",17.93,3,Novels
The Boys in the Boat: Nine Americans and Their Epic Quest for Gold at the 1936 Berlin Olympics,22.60,4,Novels
The Black Maria,52.15,1,Novels
"Starving Hearts (Triangular Trade Trilogy, #1)",13.99,2,Novels
Shakespeare's Sonnets,20.66,4,Novels
Set Me Free,17.46,5,Novels
Scott Pilgrim's Precious Little Life (Scott Pilgrim #1),52.29,5,Novels
Rip it Up and Start Again,35.02,5,Novels
"Our Band Could Be Your Life: Scenes from the American Indie Underground, 1981-1991",57.25,3,Novels
Olio,23.88,1,Novels
Mesaerion: The Best Science Fiction Stories 1800-1849,37.59,1,Novels
Libertarianism for Beginners,51.33,2,Novels
It's Only the Himalayas,45.17,2,Novels
A Light in the Attic,51.77,3,Health
Tipping the Velvet,53.74,1,Health
Soumission,50.10,1,Health
Sharp Objects,47.82,4,Health
Sapiens: A Brief History of Humankind,54.23,5,Health
The Requiem Red,22.65,1,Health
The Dirty Little Secrets of Getting Your Dream Job,33.34,4,Health
"The Coming Woman: A Novel Based on the Life of the Infamous Feminist, Victoria Woodhull",17.93,3,Health
The Boys in the Boat: Nine Americans and Their Epic Quest for Gold at the 1936 Berlin Olympics,22.60,4,Health
The Black Maria,52.15,1,Health
"Starving Hearts (Triangular Trade Trilogy, #1)",13.99,2,Health
Shakespeare's Sonnets,20.66,4,Health
Set Me Free,17.46,5,Health
Scott Pilgrim's Precious Little Life (Scott Pilgrim #1),52.29,5,Health
Rip it Up and Start Again,35.02,5,Health
"Our Band Could Be Your Life: Scenes from the American Indie Underground, 1981-1991",57.25,3,Health
Olio,23.88,1,Health
Mesaerion: The Best Science Fiction Stories 1800-1849,37.59,1,Health
Libertarianism for Beginners,51.33,2,Health
It's Only the Himalayas,45.17,2,Health
A Light in the Attic,51.77,3,Politics
Tipping the Velvet,53.74,1,Politics
Soumission,50.10,1,Politics
Sharp Objects,47.82,4,Politics
Sapiens: A Brief History of Humankind,54.23,5,Politics
The Requiem Red,22.65,1,Politics
The Dirty Little Secrets of Getting Your Dream Job,33.34,4,Politics
"The Coming Woman: A Novel Based on the Life of the Infamous Feminist, Victoria Woodhull",17.93,3,Politics
The Boys in the Boat: Nine Americans and Their Epic Quest for Gold at the 1936 Berlin Olympics,22.60,4,Politics
The Black Maria,52.15,1,Politics
"Starving Hearts (Triangular Trade Trilogy, #1)",13.99,2,Politics
Shakespeare's Sonnets,20.66,4,Politics
Set Me Free,17.46,5,Politics
Scott Pilgrim's Precious Little Life (Scott Pilgrim #1),52.29,5,Politics
Rip it Up and Start Again,35.02,5,Politics
"Our Band Could Be Your Life: Scenes from the American Indie Underground, 1981-1991",57.25,3,Politics
Olio,23.88,1,Politics
Mesaerion: The Best Science Fiction Stories 1800-1849,37.59,1,Politics
Libertarianism for Beginners,51.33,2,Politics
It's Only the Himalayas,45.17,2,Politics
A Light in the Attic,51.77,3,Cultural
Tipping the Velvet,53.74,1,Cultural
Soumission,50.10,1,Cultural
Sharp Objects,47.82,4,Cultural
Sapiens: A Brief History of Humankind,54.23,5,Cultural
The Requiem Red,22.65,1,Cultural
The Dirty Little Secrets of Getting Your Dream Job,33.34,4,Cultural
"The Coming Woman: A Novel Based on the Life of the Infamous Feminist, Victoria Woodhull",17.93,3,Cultural
The Boys in the Boat: Nine Americans and Their Epic Quest for Gold at the 1936 Berlin Olympics,22.60,4,Cultural
The Black Maria,52.15,1,Cultural
"Starving Hearts (Triangular Trade Trilogy, #1)",13.99,2,Cultural
Shakespeare's Sonnets,20.66,4,Cultural
Set Me Free,17.46,5,Cultural
Scott Pilgrim's Precious Little Life (Scott Pilgrim #1),52.29,5,Cultural
Rip it Up and Start Again,35.02,5,Cultural
"Our Band Could Be Your Life: Scenes from the American Indie Underground, 1981-1991",57.25,3,Cultural
Olio,23.88,1,Cultural
Mesaerion: The Best Science Fiction Stories 1800-1849,37.59,1,Cultural
Libertarianism for Beginners,51.33,2,Cultural
It's Only the Himalayas,45.17,2,Cultural
A Light in the Attic,51.77,3,Erotica
Tipping the Velvet,53.74,1,Erotica
Soumission,50.10,1,Erotica
Sharp Objects,47.82,4,Erotica
Sapiens: A Brief History of Humankind,54.23,5,Erotica
The Requiem Red,22.65,1,Erotica
The Dirty Little Secrets of Getting Your Dream Job,33.34,4,Erotica
"The Coming Woman: A Novel Based on the Life of the Infamous Feminist, Victoria Woodhull",17.93,3,Erotica
The Boys in the Boat: Nine Americans and Their Epic Quest for Gold at the 1936 Berlin Olympics,22.60,4,Erotica
The Black Maria,52.15,1,Erotica
"Starving Hearts (Triangular Trade Trilogy, #1)",13.99,2,Erotica
Shakespeare's Sonnets,20.66,4,Erotica
Set Me Free,17.46,5,Erotica
Scott Pilgrim's Precious Little Life (Scott Pilgrim #1),52.29,5,Erotica
Rip it Up and Start Again,35.02,5,Erotica
"Our Band Could Be Your Life: Scenes from the American Indie Underground, 1981-1991",57.25,3,Erotica
Olio,23.88,1,Erotica
Mesaerion: The Best Science Fiction Stories 1800-1849,37.59,1,Erotica
Libertarianism for Beginners,51.33,2,Erotica
It's Only the Himalayas,45.17,2,Erotica
A Light in the Attic,51.77,3,Crime
Tipping the Velvet,53.74,1,Crime
Soumission,50.10,1,Crime
Sharp Objects,47.82,4,Crime
Sapiens: A Brief History of Humankind,54.23,5,Crime
The Requiem Red,22.65,1,Crime
The Dirty Little Secrets of Getting Your Dream Job,33.34,4,Crime
"The Coming Woman: A Novel Based on the Life of the Infamous Feminist, Victoria Woodhull",17.93,3,Crime
The Boys in the Boat: Nine Americans and Their Epic Quest for Gold at the 1936 Berlin Olympics,22.60,4,Crime
The Black Maria,52.15,1,Crime
"Starving Hearts (Triangular Trade Trilogy, #1)",13.99,2,Crime
Shakespeare's Sonnets,20.66,4,Crime
Set Me Free,17.46,5,Crime
Scott Pilgrim's Precious Little Life (Scott Pilgrim #1),52.29,5,Crime
Rip it Up and Start Again,35.02,5,Crime
"Our Band Could Be Your Life: Scenes from the American Indie Underground, 1981-1991",57.25,3,Crime
Olio,23.88,1,Crime
Mesaerion: The Best Science Fiction Stories 1800-1849,37.59,1,Crime
Libertarianism for Beginners,51.33,2,Crime
It's Only the Himalayas,45.17,2,Crime
